match_id,team_id,is_home,possession_pct,expected_goals,big_chances,big_chances_missed,shots_total,shots_on_target,shots_off_target,shots_blocked,shots_inside_box,shots_outside_box,hit_woodwork,corners,offsides,fouls,yellow_cards,passes_total,passes_accurate,passes_final_third,long_balls_total,long_balls_accurate,crosses_total,crosses_accurate,tackles,interceptions,clearances,saves,ground_duels_won,ground_duels_total,aerial_duels_won,aerial_duels_total,dribbles_completed,dribbles_total,throw_ins,goal_kicks,free_kicks
17,33,True,54,1.89,4.0,2.0,11,8,1,2,7,4,0,6,1.0,5,,576,505,61,46,21,9,0,18,7,14,2,31,58,12,20,5,16,9,7,9
17,34,False,46,0.5,2.0,2.0,6,2,3,1,4,2,1,4,3.0,9,,497,427,56,48,25,9,1,14,8,17,5,27,58,8,20,8,13,21,4,5
22,45,True,52,2.8,7.0,5.0,22,11,6,5,20,2,0,8,0.0,10,,473,406,40,42,16,13,6,9,7,16,3,26,51,12,28,5,12,15,6,11
22,46,False,48,0.71,2.0,1.0,10,5,3,2,4,6,0,2,1.0,12,,442,380,32,42,18,13,2,11,7,17,7,25,51,16,28,4,9,18,7,10
5,7,True,32,0.64,1.0,1.0,6,3,3,0,4,2,0,3,0.0,12,2.0,278,200,38,64,19,9,1,14,11,31,5,26,53,10,20,2,4,14,12,11
5,8,False,68,3.24,6.0,5.0,26,7,10,9,18,8,0,10,1.0,11,1.0,577,526,80,35,27,35,6,8,7,13,3,27,53,10,20,7,13,17,5,11
23,47,True,38,1.31,1.0,0.0,8,2,4,2,7,1,0,2,4.0,9,1.0,353,292,64,51,29,16,4,16,8,26,4,35,79,20,32,8,23,21,10,11
23,48,False,62,0.75,2.0,2.0,11,4,5,2,6,5,0,2,1.0,11,2.0,582,502,66,73,37,21,4,29,5,18,2,44,79,12,32,6,13,23,9,9
21,41,True,75,0.64,1.0,,7,1,4,2,5,2,0,5,3.0,9,3.0,783,724,101,63,41,23,6,12,3,10,1,25,59,9,17,5,12,16,5,10
21,44,False,25,0.83,1.0,,8,2,3,3,2,6,0,4,2.0,10,1.0,250,195,35,41,11,9,1,17,5,27,0,34,59,8,17,8,15,15,8,9
1,1,True,61,1.41,2.0,,16,4,7,5,9,7,1,3,1.0,12,1.0,520,467,56,49,32,12,5,10,8,15,2,29,55,14,21,8,13,21,5,11
1,2,False,39,0.07,0.0,,3,2,1,0,1,2,0,1,1.0,11,2.0,335,272,39,46,17,8,1,14,7,17,2,26,55,7,21,1,5,11,8,12
2,3,True,62,1.84,4.0,2.0,15,6,5,4,10,5,0,4,2.0,9,1.0,542,469,65,61,30,12,3,7,11,30,3,29,50,27,42,8,14,26,4,16
2,4,False,38,0.85,1.0,0.0,8,4,4,1,5,3,0,5,2.0,16,0.0,324,229,51,68,23,15,3,9,7,22,4,21,50,15,42,3,6,16,8,9
24,43,True,39,1.16,1.0,0.0,8,2,4,2,4,4,2,3,0.0,14,1.0,318,242,52,52,16,13,3,10,7,26,1,24,52,11,19,5,10,24,10,11
24,42,False,61,1.62,4.0,1.0,15,4,7,4,10,5,1,4,3.0,11,1.0,520,445,56,49,17,15,6,10,6,19,1,28,52,8,19,5,11,26,8,14
20,39,True,63,1.66,3.0,2.0,11,4,6,1,6,5,0,4,3.0,12,1.0,580,488,63,48,20,17,3,18,14,23,3,27,66,16,25,3,12,21,3,6
20,40,False,37,0.53,0.0,0.0,11,4,5,2,7,4,1,3,1.0,7,0.0,330,241,40,50,22,15,3,15,12,39,1,39,66,9,25,15,24,19,10,12
18,35,True,39,0.77,1.0,1.0,11,1,8,2,8,3,0,2,1.0,12,1.0,333,271,43,53,22,13,6,19,5,21,2,42,74,10,26,10,22,14,10,13
18,36,False,61,2.53,5.0,2.0,12,5,4,3,11,1,0,5,0.0,13,0.0,536,476,45,42,18,17,7,16,3,22,0,32,74,16,26,5,18,22,9,12
13,29,True,74,2.1,2.0,2.0,27,7,12,8,16,11,1,11,2.0,10,1.0,800,734,84,30,24,36,6,13,6,7,1,21,52,19,28,7,13,18,5,1
13,30,False,26,0.2,1.0,1.0,6,1,3,2,2,4,0,1,3.0,1,1.0,278,205,26,56,19,4,1,18,15,46,7,31,52,9,28,4,11,14,14,10
39,32,True,65,2.34,2.0,,17,2,8,7,9,8,1,11,3.0,11,2.0,511,419,74,49,23,29,4,16,8,11,2,27,66,20,37,7,18,30,4,4
39,30,False,35,0.86,1.0,,12,4,4,4,2,10,0,4,0.0,4,2.0,277,205,30,61,18,7,2,16,13,47,0,39,66,17,37,12,18,19,12,11
15,31,True,33,0.99,1.0,0.0,7,3,3,1,4,3,0,4,0.0,11,1.0,320,234,29,41,10,7,3,12,8,42,9,20,42,21,41,3,4,18,10,6
15,32,False,67,1.54,2.0,1.0,27,10,10,7,16,11,1,14,6.0,6,0.0,611,539,65,41,24,47,16,3,10,18,2,22,42,20,41,8,13,20,3,11
16,27,True,48,1.5,3.0,1.0,17,4,8,5,10,7,1,4,2.0,10,1.0,405,312,56,63,29,19,6,16,13,27,6,28,57,23,39,4,10,25,4,8
16,28,False,52,1.24,2.0,0.0,14,8,4,2,10,4,0,1,0.0,8,0.0,446,377,47,40,21,12,1,14,15,24,2,29,57,16,39,6,14,16,11,10
3,5,True,61,1.25,2.0,2.0,13,4,5,4,10,3,1,9,1.0,10,2.0,415,310,76,43,19,24,6,23,3,21,2,50,86,19,63,7,15,32,7,20
3,6,False,39,0.98,2.0,1.0,8,3,4,1,5,3,0,4,0.0,20,3.0,270,172,60,62,19,10,6,21,10,71,1,36,86,44,62,5,22,26,9,10
14,25,True,54,1.31,2.0,2.0,15,3,7,5,9,6,1,2,0.0,15,2.0,453,389,82,30,18,16,6,16,10,26,2,38,87,14,22,7,19,28,1,15
14,26,False,46,1.07,2.0,2.0,14,3,3,8,10,4,0,7,1.0,15,2.0,397,323,34,51,18,13,2,28,12,18,3,49,87,8,22,7,13,19,12,15
6,9,True,51,1.23,1.0,1.0,12,5,4,3,9,3,0,6,0.0,16,2.0,513,448,54,36,18,16,4,23,5,24,2,41,99,11,15,5,27,17,4,14
6,10,False,49,1.52,2.0,1.0,14,3,5,6,7,7,0,2,1.0,14,0.0,487,420,66,52,16,15,2,26,4,16,4,58,99,4,15,16,29,13,4,16
7,11,True,54,1.21,1.0,1.0,15,2,9,4,8,7,0,4,3.0,23,1.0,431,367,66,58,26,23,5,12,6,20,1,39,78,13,33,7,17,14,7,21
7,12,False,46,1.05,2.0,2.0,9,2,5,2,8,1,1,3,1.0,21,3.0,373,306,57,58,30,14,5,12,6,17,2,39,78,20,33,5,13,23,13,23
19,37,True,48,1.23,2.0,1.0,10,6,4,1,4,6,0,2,3.0,13,,563,504,40,32,17,5,1,25,12,15,0,33,68,3,8,1,7,12,6,8
19,38,False,52,0.31,0.0,0.0,7,0,4,3,3,4,0,2,1.0,8,,608,559,64,24,14,8,1,16,8,11,3,35,68,5,8,6,23,19,4,13
4,13,True,65,1.35,4.0,2.0,16,6,6,4,13,3,0,3,2.0,13,1.0,596,508,77,50,28,17,3,7,11,17,1,43,83,17,31,20,34,23,3,17
4,14,False,35,0.47,1.0,0.0,9,1,3,5,4,5,0,1,1.0,17,5.0,320,230,35,58,18,5,1,22,9,33,3,40,83,14,31,6,8,17,7,13
8,15,True,28,0.77,1.0,0.0,9,4,4,1,6,3,0,5,1.0,12,0.0,270,202,43,57,17,14,4,16,6,55,8,26,54,14,32,6,9,13,17,4
8,16,False,72,1.33,2.0,2.0,30,8,10,12,14,16,1,8,3.0,4,1.0,705,636,86,29,20,26,2,12,4,29,2,28,54,18,32,4,15,24,6,12
9,17,True,65,4.22,6.0,2.0,26,12,6,8,21,5,1,8,0.0,18,,635,551,80,25,12,12,5,19,10,8,1,37,82,9,14,8,17,17,7,10
9,18,False,35,0.41,0.0,0.0,8,2,6,0,4,4,0,1,1.0,11,,342,281,37,44,17,7,2,16,16,25,4,45,82,5,14,12,21,9,11,18
11,19,True,48,1.68,2.0,2.0,15,4,8,3,8,7,1,3,,10,3.0,470,395,34,42,19,7,2,15,11,27,1,40,73,17,28,12,19,14,10,13
11,20,False,52,1.03,1.0,1.0,12,1,8,3,5,7,3,5,,13,1.0,494,420,59,39,12,14,4,21,13,19,3,33,73,11,28,3,10,14,11,10
10,21,True,60,0.74,,,10,6,3,1,10,0,0,5,1.0,7,3.0,524,464,79,35,16,21,8,11,7,23,1,24,45,20,28,7,14,21,9,7
10,22,False,40,0.54,,,10,3,6,1,6,4,0,4,0.0,7,0.0,342,287,49,37,13,23,6,11,4,33,4,21,45,8,28,3,9,19,7,7
12,23,True,49,1.36,4.0,2.0,13,7,3,3,9,4,0,4,3.0,10,0.0,353,280,47,57,22,12,3,14,8,23,1,26,61,16,27,5,14,18,6,8
12,24,False,51,0.28,0.0,0.0,6,2,3,1,2,4,0,2,6.0,8,1.0,363,287,62,53,23,13,3,21,6,15,1,35,61,11,28,6,15,17,10,10
28,1,True,42,0.48,2.0,1.0,8,4,3,1,5,3,0,0,3.0,9,0.0,429,350,44,59,17,5,3,14,6,18,2,26,59,13,25,5,10,17,5,7
28,3,False,58,0.69,3.0,3.0,9,2,4,3,6,3,0,2,6.0,7,2.0,579,486,72,70,25,9,5,18,5,10,3,32,58,12,25,6,13,25,5,9
38,25,True,70,1.82,1.0,1.0,23,7,10,6,20,3,0,4,3.0,7,1.0,622,534,79,35,12,32,6,11,3,11,3,32,59,18,36,13,21,26,4,9
38,27,False,30,0.63,0.0,0.0,7,3,3,1,6,1,0,2,4.0,9,1.0,268,198,43,49,18,8,2,20,13,50,7,27,59,18,36,2,5,8,12,7
41,37,True,54,2.62,3.0,3.0,12,5,4,3,10,2,0,1,2.0,13,2.0,553,493,40,28,13,4,1,21,8,35,1,39,68,10,26,6,11,12,6,12
41,39,False,46,0.5,1.0,1.0,6,1,5,0,4,2,0,3,0.0,13,2.0,467,400,56,22,12,17,3,12,9,15,2,29,68,16,26,5,14,20,4,13
47,48,True,42,0.54,1.0,1.0,8,1,5,2,6,2,0,7,1.0,19,1.0,356,277,57,57,25,30,6,10,5,28,1,32,77,25,39,11,18,14,6,12
47,46,False,58,1.63,3.0,2.0,6,2,3,1,4,2,0,2,2.0,12,1.0,515,433,59,51,18,17,4,17,5,36,1,45,77,14,39,10,10,14,8,19
46,45,True,79,1.28,2.0,2.0,19,3,10,6,14,5,1,9,2.0,14,1.0,633,586,88,27,14,30,7,14,1,6,0,42,80,17,25,6,16,22,1,24
46,47,False,21,0.29,1.0,1.0,2,1,0,1,2,0,0,2,2.0,24,1.0,173,128,40,57,24,5,0,22,8,39,3,38,80,8,25,3,9,9,12,14
48,42,True,64,1.03,2.0,2.0,20,9,5,6,11,9,1,5,7.0,12,2.0,540,473,63,66,40,12,3,10,10,19,1,26,51,18,26,2,8,13,11,16
48,44,False,36,0.39,0.0,0.0,8,1,5,2,4,4,0,4,0.0,16,1.0,298,224,38,49,14,14,4,14,7,19,8,25,51,9,27,1,2,20,11,12
25,4,True,38,1.02,3.0,2.0,14,3,8,3,11,3,0,5,2.0,12,1.0,340,271,39,45,22,16,7,12,9,23,3,31,67,13,22,9,13,16,8,10
25,2,False,62,1.35,1.0,0.0,17,4,5,8,6,11,0,5,3.0,10,2.0,563,508,58,57,30,17,4,21,9,23,2,36,67,9,22,5,10,15,10,11
44,40,True,28,0.65,1.0,1.0,8,4,4,0,4,4,0,1,1.0,11,1.0,251,180,37,53,22,5,2,31,2,37,6,42,90,17,33,6,22,28,7,6
44,38,False,72,1.81,3.0,2.0,17,8,4,5,11,6,0,10,0.0,6,1.0,638,559,88,44,19,21,5,25,10,15,3,48,90,17,34,13,31,23,6,11
42,33,True,56,2.38,6.0,4.0,19,5,10,4,12,7,1,4,1.0,8,0.0,602,539,89,30,16,14,2,14,5,9,0,28,60,9,17,10,20,17,4,4
42,35,False,44,0.6,1.0,1.0,4,0,3,1,3,1,0,2,0.0,4,1.0,483,414,31,51,21,9,4,18,11,26,2,32,60,8,17,6,11,15,14,8
43,36,True,42,2.1,5.0,3.0,13,7,3,3,11,2,1,5,0.0,13,,353,282,45,51,25,10,3,11,8,26,2,19,59,20,37,5,9,16,10,5
43,34,False,58,1.7,4.0,2.0,16,4,7,5,10,6,0,4,4.0,5,,489,430,64,58,37,23,8,16,10,18,3,40,59,17,37,11,17,20,4,13
27,5,True,79,4.6,6.0,3.0,32,10,8,14,21,11,0,19,1.0,9,1.0,567,515,60,16,10,55,13,9,6,3,0,25,52,8,15,6,11,23,2,10
27,7,False,21,0.22,0.0,0.0,2,0,1,1,1,1,0,1,1.0,10,1.0,162,104,23,54,17,3,1,16,10,61,4,27,52,7,15,2,5,9,13,9
64,30,True,51,1.52,1.0,1.0,15,2,8,5,9,6,0,4,2.0,10,1.0,452,385,60,56,29,18,2,16,13,30,3,41,86,17,28,10,23,21,5,16
64,31,False,49,0.4,1.0,1.0,7,3,1,3,5,2,0,2,0.0,16,3.0,442,355,62,54,23,10,3,29,10,23,2,45,86,11,28,6,13,27,12,10
26,8,True,62,2.01,3.0,,13,7,3,3,9,4,0,7,3.0,7,1.0,587,517,57,49,23,22,1,19,4,19,2,39,64,11,21,3,9,21,3,17
26,6,False,38,0.24,0.0,,5,3,1,1,3,2,0,3,1.0,18,2.0,353,285,37,48,12,12,1,13,12,35,3,25,64,10,21,5,12,8,8,7
40,28,True,44,1.12,3.0,2.0,11,5,3,3,6,5,0,4,3.0,14,2.0,420,338,46,49,20,15,3,11,5,21,4,25,59,15,34,6,14,21,10,8
40,26,False,56,1.96,5.0,3.0,19,7,6,6,12,7,0,3,0.0,8,1.0,528,463,73,50,24,22,7,16,7,34,4,34,59,19,34,7,11,23,3,14
37,29,True,67,2.85,5.0,2.0,22,8,12,2,13,9,1,6,2.0,10,0.0,725,668,66,37,27,25,7,9,16,15,1,16,49,11,15,6,14,16,1,2
37,31,False,33,0.14,0.0,0.0,3,1,1,1,0,3,0,1,3.0,2,2.0,364,292,44,35,14,5,0,15,12,36,5,33,49,4,15,8,12,15,16,10
63,32,True,33,0.2,1.0,1.0,5,1,3,1,2,3,0,1,5.0,14,3.0,301,228,42,43,15,16,1,25,14,14,0,46,86,4,20,7,15,17,5,14
63,29,False,67,0.86,1.0,1.0,6,1,4,1,5,1,1,6,2.0,14,1.0,623,553,47,34,18,12,3,17,9,23,2,40,86,16,20,10,22,10,6,14
31,9,True,57,1.56,5.0,2.0,8,5,2,1,8,0,0,4,8.0,13,1.0,525,462,52,44,20,9,1,21,10,14,3,38,70,14,24,4,15,20,5,14
31,11,False,43,0.23,0.0,0.0,7,3,3,1,4,3,0,4,4.0,14,3.0,399,331,49,57,31,11,3,16,9,22,2,32,70,10,24,3,17,14,5,13
45,41,True,66,2.43,7.0,5.0,17,9,5,3,12,5,0,3,2.0,14,1.0,624,561,79,40,22,22,5,14,5,16,2,43,82,11,17,14,26,20,5,15
45,43,False,34,0.25,0.0,0.0,7,2,2,3,4,3,0,2,2.0,15,1.0,325,262,31,29,9,8,0,18,14,30,4,39,82,6,17,8,15,16,6,14
30,12,True,41,0.51,1.0,1.0,6,0,3,3,5,1,0,2,1.0,11,1.0,456,388,59,47,20,13,3,20,9,17,1,31,56,7,16,4,6,9,7,8
30,10,False,59,0.99,3.0,2.0,12,2,6,4,9,3,1,5,0.0,8,1.0,670,600,62,44,14,10,2,10,5,14,0,25,56,9,16,5,18,19,7,11
29,13,True,62,1.3,1.0,,10,2,2,6,8,2,0,7,1.0,12,3.0,524,445,65,58,26,14,5,20,21,31,2,44,78,16,42,11,17,18,10,16
29,15,False,38,0.44,0.0,,5,2,3,0,3,2,0,4,0.0,16,4.0,308,220,44,45,19,19,3,12,7,23,1,34,78,26,42,12,22,22,4,12
32,16,True,79,2.1,3.0,3.0,32,5,15,12,16,16,1,12,2.0,14,1.0,630,561,75,42,28,42,8,17,6,28,1,43,92,15,34,11,25,34,3,15
32,14,False,21,0.32,0.0,0.0,7,2,3,2,3,4,0,0,3.0,15,1.0,177,93,47,64,21,6,2,25,9,47,5,50,93,19,34,13,23,18,13,14
34,17,True,60,1.83,6.0,4.0,16,7,5,4,9,7,0,8,0.0,5,,624,555,80,32,19,21,5,26,7,14,1,38,82,10,20,6,16,18,4,7
34,19,False,40,1.23,2.0,1.0,9,2,2,5,6,3,0,3,1.0,7,,431,367,37,58,29,9,5,20,13,26,5,44,82,10,20,20,33,24,7,5
35,20,True,75,3.05,6.0,6.0,27,15,10,2,21,6,1,9,1.0,7,1.0,646,580,101,34,13,32,12,19,7,16,3,36,69,15,33,8,13,18,5,10
35,18,False,25,0.48,0.0,0.0,10,3,4,3,4,6,0,0,2.0,10,5.0,226,158,28,50,14,1,1,17,7,32,15,33,69,18,33,9,21,15,14,7
33,21,True,51,2.47,3.0,0.0,10,7,2,1,6,4,0,2,3.0,9,0.0,450,398,47,35,18,15,3,15,8,24,7,29,63,14,27,3,13,13,11,12
33,23,False,49,0.99,2.0,1.0,16,8,5,3,7,9,0,5,3.0,12,3.0,423,362,36,30,7,22,3,19,5,15,2,34,63,13,27,7,12,22,11,9
36,24,True,38,0.05,0.0,0.0,2,0,1,1,1,1,0,3,1.0,8,,353,284,59,56,16,10,2,18,14,23,1,34,63,5,18,2,6,29,4,15
36,22,False,62,2.07,3.0,1.0,11,5,3,3,8,3,0,5,1.0,15,,581,520,69,32,19,11,2,18,6,25,0,29,63,13,18,4,15,23,5,8
164,9,True,34,2.75,5.0,4.0,14,4,6,4,10,4,1,5,1.0,7,1.0,330,279,47,40,18,16,1,23,11,21,3,39,70,4,15,10,17,13,4,4
164,36,False,66,0.84,3.0,2.0,9,5,3,1,7,2,0,5,1.0,6,0.0,679,617,74,49,24,13,1,14,6,17,4,31,70,11,15,11,19,14,8,7
162,5,True,45,0.86,1.0,1.0,10,3,4,3,6,4,0,11,2.0,24,4.0,358,272,57,31,12,29,8,18,5,10,1,36,75,16,36,4,10,24,1,14
162,10,False,55,0.78,3.0,1.0,5,4,1,0,3,2,1,1,3.0,14,4.0,472,389,37,49,17,5,1,12,8,51,3,39,75,20,36,6,14,23,3,24
163,14,True,24,0.15,0.0,0.0,5,1,3,1,1,4,0,2,,13,0.0,183,99,42,55,12,4,0,29,14,22,4,43,83,6,22,3,12,19,12,11
163,33,False,76,1.36,2.0,1.0,15,5,6,4,5,10,0,12,,11,3.0,568,510,87,42,26,23,1,14,10,27,1,40,83,16,22,14,28,17,7,12
61,36,True,43,1.69,4.0,3.0,10,4,3,3,6,4,0,4,1.0,9,1.0,420,344,41,41,18,9,3,17,13,16,5,35,67,7,20,7,14,23,8,10
61,33,False,57,1.31,3.0,2.0,18,9,6,3,10,8,1,5,2.0,11,1.0,557,480,58,52,28,9,3,18,11,18,3,32,67,13,20,7,17,12,5,9
68,46,True,53,0.42,0.0,0.0,8,4,2,2,3,5,1,3,1.0,9,1.0,523,478,47,37,16,15,3,14,4,23,0,33,61,7,15,6,12,16,7,13
68,47,False,47,0.73,2.0,1.0,6,1,3,2,3,3,0,2,2.0,13,1.0,455,402,60,40,18,12,3,13,10,10,2,28,61,8,15,6,16,10,5,9
67,48,True,33,0.59,0.0,0.0,13,2,8,3,8,5,0,3,4.0,16,2.0,267,201,39,54,24,9,3,16,6,36,4,32,76,11,28,6,15,24,12,13
67,45,False,67,1.4,4.0,2.0,17,6,8,3,12,5,0,7,4.0,13,1.0,557,492,68,36,20,25,4,18,5,21,2,44,76,17,28,10,18,14,8,16
69,42,True,55,1.63,2.0,2.0,24,6,11,7,15,9,0,5,3.0,12,1.0,545,485,53,45,24,10,3,14,5,17,2,23,52,5,13,4,5,10,14,6
69,41,False,45,0.7,1.0,1.0,13,2,7,4,5,8,0,2,2.0,6,0.0,445,405,50,29,19,14,2,8,11,22,6,29,52,8,13,9,16,9,9,12
70,44,True,58,2.35,3.0,1.0,19,4,14,1,11,8,0,2,3.0,6,3.0,487,401,63,59,28,21,5,20,7,25,1,46,87,12,34,11,23,26,7,15
70,43,False,42,0.2,0.0,0.0,3,1,2,0,2,1,0,4,1.0,16,2.0,355,269,51,59,21,16,2,29,12,38,1,41,87,22,34,6,16,23,15,6
53,4,True,52,0.47,0.0,0.0,13,1,8,4,6,7,0,5,1.0,9,0.0,398,332,44,52,20,26,5,12,3,19,2,28,53,12,21,4,11,20,11,13
53,1,False,48,1.79,5.0,2.0,11,5,4,2,9,2,0,1,0.0,13,1.0,388,331,49,57,36,13,1,12,7,29,1,25,53,9,21,4,7,20,11,9
71,40,True,27,0.74,1.0,0.0,5,1,2,2,2,3,0,2,1.0,13,3.0,285,228,36,37,15,7,2,16,19,13,1,32,61,2,5,9,16,11,9,7
71,37,False,73,2.13,3.0,2.0,12,4,7,1,6,6,2,6,3.0,7,0.0,800,736,60,25,15,5,3,14,12,11,0,29,61,3,5,3,9,19,4,12
54,2,True,32,1.1,1.0,1.0,13,4,5,4,5,8,0,4,3.0,7,1.0,339,277,39,55,19,8,1,11,15,42,2,26,51,16,36,6,12,8,12,9
54,3,False,68,1.0,1.0,1.0,8,3,4,1,5,3,0,6,0.0,9,1.0,720,643,81,55,31,33,7,11,4,15,3,25,51,20,36,7,13,24,5,7
72,38,True,65,1.62,3.0,1.0,12,5,5,2,6,6,1,0,1.0,3,0.0,755,706,64,43,25,5,0,12,3,17,0,30,44,4,13,12,19,16,9,7
72,39,False,35,1.44,2.0,0.0,10,3,6,1,6,4,0,3,3.0,7,1.0,397,346,39,33,14,13,3,10,10,19,2,14,44,9,13,1,5,10,6,3
62,34,True,69,3.03,5.0,3.0,28,12,11,5,17,11,1,12,1.0,10,2.0,590,518,95,43,23,25,7,12,2,10,1,30,67,19,31,8,24,26,4,11
62,35,False,31,0.18,0.0,0.0,6,1,1,4,1,5,0,3,0.0,11,2.0,265,184,32,69,15,6,0,20,7,35,7,37,66,12,31,8,13,16,20,10
49,8,True,55,1.06,3.0,2.0,6,4,1,1,5,1,0,2,1.0,19,1.0,441,367,48,46,18,6,1,15,5,43,6,33,66,16,28,5,7,25,13,13
49,5,False,45,1.34,2.0,1.0,13,7,3,3,12,1,0,7,3.0,13,2.0,339,271,60,43,20,26,6,9,13,19,2,33,66,12,28,5,10,27,5,19
66,28,True,45,0.25,0.0,0.0,6,2,3,1,3,3,0,5,1.0,10,2.0,435,369,37,38,16,17,2,10,6,34,5,24,54,6,14,8,12,17,10,7
66,25,False,55,3.65,4.0,2.0,35,10,13,12,23,12,1,8,1.0,7,0.0,526,463,50,47,29,16,6,13,10,26,1,30,54,8,14,7,11,15,3,10
65,26,True,61,0.81,0.0,0.0,15,3,6,6,8,7,0,8,0.0,11,3.0,587,512,60,44,18,15,4,16,7,40,3,40,81,21,50,10,20,14,9,16
65,27,False,39,1.83,3.0,2.0,12,4,6,2,9,3,1,2,3.0,16,4.0,367,281,58,66,29,10,1,23,8,32,2,41,81,29,50,8,15,15,10,10
50,6,True,54,0.64,1.0,1.0,14,5,4,5,4,10,1,5,1.0,9,1.0,515,452,45,50,30,22,3,10,4,22,2,32,56,10,14,8,13,12,8,14
50,7,False,46,0.77,3.0,2.0,9,3,6,0,5,4,1,5,3.0,14,1.0,434,371,47,52,16,17,5,13,4,24,3,24,56,4,14,3,7,18,9,9
51,12,True,46,1.13,2.0,2.0,14,5,6,3,10,4,0,7,0.0,10,1.0,499,448,58,34,17,23,10,11,2,13,5,23,58,5,19,2,9,16,11,11
51,9,False,54,4.46,6.0,3.0,21,9,7,5,14,7,0,6,1.0,11,2.0,606,564,68,27,12,12,2,14,13,24,5,35,58,14,19,11,16,10,4,10
52,10,True,69,3.26,4.0,1.0,22,11,6,5,15,7,0,9,5.0,10,0.0,542,479,43,36,20,22,7,18,7,14,1,52,96,12,22,16,28,25,3,18
52,11,False,31,0.66,1.0,0.0,9,2,4,3,4,5,0,1,0.0,18,3.0,248,198,25,43,20,3,2,25,14,26,8,44,96,10,22,9,17,15,8,10
60,16,True,47,2.71,3.0,1.0,9,4,3,2,8,1,0,2,2.0,13,0.0,435,333,41,66,23,11,0,31,7,23,5,51,83,13,24,9,14,28,6,13
60,13,False,53,2.06,4.0,3.0,18,7,6,5,15,3,1,9,5.0,13,1.0,471,399,57,43,17,18,5,14,11,25,1,32,83,11,24,5,14,31,4,13
59,14,True,44,0.25,,,7,2,4,1,3,4,0,1,,9,1.0,427,330,57,58,14,7,0,24,8,24,5,35,72,20,45,5,17,26,9,6
59,15,False,56,0.58,,,12,5,4,3,7,5,0,3,,6,1.0,536,439,56,57,18,13,4,19,7,10,2,37,72,25,45,10,23,28,9,9
55,20,True,39,1.27,2.0,1.0,7,3,2,2,5,2,0,3,,15,3.0,378,312,66,50,24,13,3,26,12,30,2,45,86,9,20,9,19,18,5,10
55,17,False,61,0.65,2.0,1.0,11,3,3,5,6,5,0,2,,10,1.0,592,517,77,37,17,16,5,20,4,15,1,41,86,11,20,7,22,21,2,15
56,18,True,37,0.47,0.0,0.0,11,2,7,2,6,5,0,4,2.0,11,2.0,354,295,33,30,14,15,5,20,15,17,1,38,76,9,16,12,18,19,5,6
56,19,False,63,1.3,3.0,1.0,7,3,3,1,5,2,0,6,1.0,6,1.0,623,558,41,39,21,16,3,17,12,19,2,38,76,7,16,10,18,20,6,11
58,22,True,52,1.31,2.0,1.0,8,3,3,2,4,4,0,2,3.0,20,1.0,446,379,51,51,20,13,4,13,4,40,4,30,58,16,29,6,10,14,6,11
58,23,False,48,0.61,1.0,1.0,11,5,3,3,6,5,1,8,2.0,11,2.0,395,312,51,50,18,16,4,6,5,21,2,28,58,13,29,4,10,18,4,20
57,24,True,28,0.43,2.0,1.0,10,4,5,1,4,6,0,4,2.0,11,,257,199,39,47,20,13,4,16,8,35,4,27,51,9,22,2,10,12,10,10
57,21,False,72,1.68,2.0,1.0,20,7,8,5,16,4,1,6,1.0,10,,649,600,112,23,15,28,7,9,10,12,3,24,51,13,22,4,13,14,6,11
150,19,True,47,1.36,3.0,2.0,14,5,9,1,10,4,0,14,2.0,6,0.0,401,339,38,38,17,29,7,24,4,11,1,38,63,11,27,7,20,16,3,7
150,36,False,53,2.02,4.0,3.0,9,4,2,3,8,1,0,3,2.0,7,1.0,473,415,48,33,17,10,5,19,6,37,4,25,63,16,27,3,20,23,12,6
166,41,True,45,0.6,1.0,1.0,10,2,5,3,7,3,1,3,2.0,9,2.0,426,357,61,53,24,13,4,14,7,23,5,35,67,9,12,9,23,20,6,13
166,29,False,55,1.77,3.0,2.0,15,6,6,3,8,7,0,7,1.0,13,1.0,531,467,48,36,17,16,1,19,5,14,2,32,67,3,12,5,10,17,6,9
169,8,True,53,0.35,0.0,0.0,7,2,4,1,4,3,0,3,5.0,22,3.0,626,546,65,62,31,15,1,13,13,37,3,36,81,16,31,4,15,22,11,21
169,42,False,47,1.03,2.0,2.0,15,3,8,4,9,6,2,7,4.0,21,2.0,548,454,58,78,33,18,4,16,12,21,2,45,81,15,31,9,15,19,9,22
155,13,True,48,0.92,1.0,,8,2,4,2,6,2,1,4,3.0,7,0.0,415,346,63,46,18,14,3,12,9,27,3,34,59,12,21,9,19,20,4,13
155,6,False,52,0.25,0.0,,10,3,4,3,5,5,0,3,0.0,13,1.0,446,364,52,51,12,13,0,16,8,28,0,25,59,9,20,2,10,20,11,7
168,37,True,64,2.9,6.0,4.0,19,7,8,4,11,8,1,6,3.0,13,0.0,602,541,73,30,18,26,8,20,7,14,0,42,81,8,15,11,16,19,2,10
168,26,False,36,0.89,2.0,0.0,5,2,3,1,4,1,0,1,0.0,11,4.0,349,288,26,37,14,8,2,15,10,43,4,39,81,7,15,11,26,25,13,13
171,29,True,68,2.08,2.0,,17,8,4,5,10,7,0,5,3.0,13,2.0,665,598,64,37,21,19,2,11,4,15,1,35,63,7,19,8,14,22,4,18
171,25,False,32,0.37,1.0,,5,2,1,2,4,1,0,1,1.0,18,2.0,314,244,33,45,20,10,2,10,10,33,6,28,63,12,19,6,11,15,13,13
151,33,True,61,3.17,6.0,4.0,25,12,9,4,16,9,2,9,3.0,14,,551,485,61,37,19,16,4,13,5,23,3,33,67,13,20,11,21,10,8,10
151,23,False,39,0.66,0.0,0.0,8,3,4,1,7,1,0,1,1.0,10,,351,279,49,44,11,10,3,14,12,26,9,34,67,7,20,7,11,19,8,14
157,41,True,60,2.18,3.0,2.0,15,3,8,4,10,5,1,9,1.0,6,1.0,585,533,89,40,20,20,6,19,5,19,5,41,75,12,20,10,23,9,7,11
157,46,False,40,1.34,4.0,3.0,13,6,5,2,10,3,1,5,4.0,12,2.0,370,312,24,43,18,22,7,22,10,18,2,34,75,8,20,6,8,14,14,6
149,21,True,30,0.23,1.0,0.0,6,2,1,3,4,2,0,5,3.0,18,0.0,373,293,60,47,16,10,3,18,11,21,5,34,74,19,30,2,15,28,8,15
149,10,False,70,1.4,5.0,4.0,11,5,4,2,7,4,1,8,0.0,15,1.0,878,800,102,49,21,18,4,19,10,35,1,40,74,11,30,7,19,17,5,18
160,37,True,64,2.16,3.0,2.0,22,10,5,7,15,7,0,8,3.0,13,1.0,850,780,82,39,25,15,6,22,9,24,3,43,83,14,26,10,16,16,11,12
160,30,False,36,0.45,0.0,0.0,16,5,5,6,6,10,0,8,2.0,12,1.0,475,408,58,50,22,21,6,19,9,26,8,40,83,12,26,10,21,18,8,13
146,2,True,58,0.13,0.0,0.0,6,1,4,1,1,5,0,1,1.0,10,0.0,550,467,58,70,32,8,2,22,16,34,5,51,86,11,31,13,20,17,12,16
146,5,False,42,1.32,4.0,4.0,12,7,5,0,9,3,0,4,0.0,16,2.0,381,298,63,31,15,12,5,20,8,14,1,34,85,21,32,6,20,21,4,10
152,1,True,43,1.02,2.0,2.0,15,3,9,3,10,5,0,3,0.0,10,0.0,319,249,61,59,28,7,4,10,7,38,1,28,56,21,33,4,9,16,13,14
152,20,False,57,0.73,1.0,1.0,7,1,5,1,5,2,1,8,1.0,14,3.0,407,340,73,52,16,25,3,11,6,21,1,28,56,12,33,7,13,22,14,10
167,13,True,56,0.67,0.0,0.0,7,2,5,0,5,2,0,3,0.0,11,2.0,527,458,65,37,20,11,2,21,9,22,3,40,84,10,22,10,19,25,6,9
167,25,False,44,2.15,4.0,2.0,15,7,4,4,10,5,0,5,1.0,9,0.0,410,333,45,59,19,14,5,23,9,20,1,44,84,12,22,10,21,18,7,11
156,29,True,64,2.8,4.0,1.0,23,10,6,7,15,8,1,9,2.0,8,0.0,629,570,53,35,23,21,7,19,6,15,0,41,68,12,15,7,15,15,7,15
156,39,False,36,0.32,1.0,1.0,5,0,4,1,4,1,0,0,5.0,15,1.0,347,285,29,37,14,13,3,16,6,21,6,27,68,3,15,5,16,7,8,8
165,1,True,67,1.87,2.0,,20,5,8,7,12,8,0,12,1.0,14,2.0,455,420,77,42,30,49,11,16,7,13,2,27,66,10,21,5,11,24,4,6
165,45,False,33,1.55,3.0,,6,5,1,0,4,2,1,2,0.0,7,4.0,244,195,37,45,22,4,1,18,4,48,3,39,66,11,22,8,18,12,13,13
161,42,True,61,2.18,5.0,4.0,20,8,8,4,12,8,0,3,2.0,14,2.0,586,532,55,55,32,15,5,12,5,25,0,27,60,7,12,5,12,15,9,10
161,47,False,39,0.26,0.0,0.0,8,0,3,5,2,6,0,2,0.0,10,3.0,376,312,52,47,9,15,2,13,5,11,7,33,60,5,12,6,11,16,12,14
147,9,True,69,1.72,4.0,2.0,19,7,6,6,12,7,1,6,1.0,4,2.0,682,625,107,45,21,40,9,12,9,18,1,27,44,12,27,5,10,21,4,13
147,22,False,31,0.23,0.0,0.0,5,2,1,2,2,3,0,2,0.0,13,3.0,315,261,44,45,24,10,2,10,5,45,4,17,44,15,27,3,6,16,10,4
154,25,True,52,1.8,3.0,0.0,19,5,9,5,11,8,1,4,2.0,22,1.0,699,602,72,50,25,26,7,12,8,28,3,32,73,28,43,9,16,16,10,11
154,34,False,48,3.54,4.0,2.0,19,5,11,3,10,9,2,2,2.0,12,1.0,639,536,93,83,33,22,5,12,11,31,3,41,73,15,43,10,16,19,12,22
148,17,True,75,1.49,2.0,2.0,21,6,7,8,11,10,0,16,4.0,18,2.0,799,719,127,39,26,56,10,14,4,23,2,39,96,21,40,13,33,23,5,12
148,14,False,25,0.42,3.0,2.0,7,3,2,2,6,1,0,6,1.0,12,2.0,257,161,55,78,20,21,6,33,13,54,6,57,96,19,40,8,14,12,14,18
173,37,True,59,2.0,4.0,2.0,22,7,8,7,12,10,1,8,4.0,14,3.0,692,615,73,51,22,22,7,17,12,29,4,40,69,18,32,10,14,19,8,18
173,8,False,41,0.53,1.0,0.0,11,5,3,3,5,6,0,2,3.0,18,2.0,474,399,69,54,23,19,3,12,6,26,4,29,69,14,32,3,12,16,11,14
170,33,True,48,3.06,5.0,5.0,22,8,9,5,12,10,1,5,,10,0.0,485,432,63,30,14,12,5,11,11,22,1,30,65,12,13,8,21,17,7,12
170,10,False,52,0.14,0.0,0.0,5,1,3,1,1,4,0,5,,13,1.0,524,452,35,39,12,13,2,17,6,12,6,35,65,1,13,10,18,18,13,10
172,36,True,48,0.77,1.0,1.0,13,4,6,3,10,3,1,7,1.0,10,1.0,576,492,61,48,20,19,3,24,8,21,6,35,77,12,24,5,14,16,10,8
172,45,False,52,1.06,3.0,1.0,14,8,3,3,8,6,0,4,5.0,8,0.0,626,567,72,50,26,21,9,15,7,35,3,42,77,12,24,17,28,27,7,10
159,15,True,42,0.87,0.0,0.0,16,1,6,9,10,6,1,4,0.0,12,0.0,507,404,81,59,20,24,7,10,9,29,3,33,68,30,56,10,15,26,9,14
159,26,False,58,1.36,3.0,2.0,14,3,5,6,8,6,0,7,3.0,14,2.0,723,614,74,77,36,24,6,16,8,37,1,35,68,26,56,8,15,19,12,12
158,8,True,45,2.56,2.0,1.0,11,5,4,2,9,2,0,4,0.0,10,0.0,436,354,36,50,19,14,4,20,16,25,2,42,85,16,26,10,22,20,9,12
158,38,False,55,0.73,1.0,1.0,8,2,3,3,5,3,0,2,2.0,12,2.0,561,476,72,64,29,6,1,22,9,14,2,43,85,10,26,11,21,17,6,10
153,45,True,60,2.04,7.0,6.0,16,7,6,3,13,3,0,5,0.0,10,1.0,517,468,75,32,18,43,9,11,7,23,1,30,66,14,23,7,17,15,5,12
153,44,False,40,0.8,1.0,1.0,7,2,3,2,2,5,1,3,4.0,12,1.0,365,299,49,46,18,13,2,20,3,36,5,36,66,9,23,6,12,24,16,10
